post_type,post_status,post_title,post_content,post_category,post_tags
post,publish,Cheaper by the Dozen 2 2005 Movie Free Download 720p BluRay,"<div class=""thecontent"">

<p><span style=""color: #1064a0;"">Cheaper by the Dozen 2 2005 Movie Free Download 720p BluRay</span></p>
<h3 style=""text-align: center;""><span style=""color: #1064a0;""><img alt=""Cheaper by the Dozen 2 2005 Movie Free Download 720p BluRay"" class=""alignleft wp-image-63322 size-medium"" height=""340"" sizes=""(max-width: 236px) 100vw, 236px"" src=""http://moviescounter.co/wp-content/uploads/2018/02/Cheaper-by-the-Dozen-2-2005-Movie-Free-Download-720p-BluRay-3-236x340.jpg"" srcset=""http://moviescounter.co/wp-content/uploads/2018/02/Cheaper-by-the-Dozen-2-2005-Movie-Free-Download-720p-BluRay-3-236x340.jpg 236w, http://moviescounter.co/wp-content/uploads/2018/02/Cheaper-by-the-Dozen-2-2005-Movie-Free-Download-720p-BluRay-3.jpg 695w"" title=""Cheaper by the Dozen 2 2005 Movie Free Download 720p BluRay"" width=""236""/>Movie Info</span></h3>
<p style=""text-align: left;""><strong>Full Name:</strong> Cheaper by the Dozen 2 2005 Movie Free Download 720p BluRay<br/>
<strong>Size:</strong> 700 MB<br/>
<strong>Quality:</strong> 720p BluRay<br/>
<strong>Genres:</strong>   Adventure, Comedy, Family<br/>
<strong>Release Date:</strong>  21 December 2005<strong><br/>
</strong><strong>Language:</strong> English<br/>
<strong>Cast:</strong>   Steve Martin, Bonnie Hunt, Hilary Duff</p>
<p><span class=""imdbRatingPlugin imdbRatingStyle3"" data-style=""p3"" data-title=""tt0452598"" data-user=""ur65770829""><a href=""http://www.imdb.com/title/tt0452598/?ref_=plg_rt_1""><img alt=""Cheaper by the Dozen 2 (2005) on IMDb"" src=""http://g-ecx.images-amazon.com/images/G/01/imdb/plugins/rating/images/imdb_37x18.png""/><br/>
</a><span class=""rating"">5.5<span class=""ofTen"">/10</span></span><span class=""votes"">47,600 votes</span></span><script>(function(d,s,id){var js,stags=d.getElementsByTagName(s)[0];if(d.getElementById(id)){return;}js=d.createElement(s);js.id=id;js.src=""http://g-ec2.images-amazon.com/images/G/01/imdb/plugins/rating/js/rating.min.js"";stags.parentNode.insertBefore(js,stags);})(document,'script','imdb-rating-api');</script></p>
<p style=""text-align: justify;"">Cheaper by the Dozen 2 2005 Movie Free Download 720p BluRay The Bakers, while in the midst of some recreation, end up contending with an opponent group of eight children.</p>
<h3><span style=""color: #1064a0;""> Download Full Movie in HD (700 MB) ↓</span></h3>
<form action=""http://moviescounter.co/start-downloading/"" method=""post""><input name=""FName"" type=""hidden"" value=""MoviesCounter.Cheaper.by.the.Dozen.2.2005.720p.avi""/><br/>
<input name=""FSize"" type=""hidden"" value=""700 MB""/><br/>
<input name=""FSID"" type=""hidden"" value=""85.93.91.25""/><p></p>
<div align=""center""><input alt=""Download Movie"" height="""" src=""http://moviescounter.co/wp-content/uploads/2016/09/MC-download-button.png"" type=""image"" width=""225""/></div>
</form>
<p> </p>
<h2><span style=""color: #1064a0;"">Click Image To View Full Size</span></h2>
<div class=""clearfix""><a href=""http://moviescounter.co/wp-content/uploads/2018/02/Cheaper-by-the-Dozen-2-2005-Movie-Free-Download-720p-BluRay-4.jpg""><img alt=""Cheaper by the Dozen 2 2005 Movie Free Download 720p BluRay"" class=""alignleft wp-image-63323 size-thumbnail"" height=""140"" src=""http://moviescounter.co/wp-content/uploads/2018/02/Cheaper-by-the-Dozen-2-2005-Movie-Free-Download-720p-BluRay-4-220x140.jpg"" title=""Cheaper by the Dozen 2 2005 Movie Free Download 720p BluRay"" width=""220""/></a><a href=""http://moviescounter.co/wp-content/uploads/2018/02/Cheaper-by-the-Dozen-2-2005-Movie-Free-Download-720p-BluRay-2.jpg""><img alt=""Cheaper by the Dozen 2 2005 Movie Free Download 720p BluRay"" class=""alignleft wp-image-63321 size-thumbnail"" height=""140"" src=""http://moviescounter.co/wp-content/uploads/2018/02/Cheaper-by-the-Dozen-2-2005-Movie-Free-Download-720p-BluRay-2-220x140.jpg"" title=""Cheaper by the Dozen 2 2005 Movie Free Download 720p BluRay"" width=""220""/></a><a href=""http://moviescounter.co/wp-content/uploads/2018/02/Cheaper-by-the-Dozen-2-2005-Movie-Free-Download-720p-BluRay-1.jpg""><img alt=""Cheaper by the Dozen 2 2005 Movie Free Download 720p BluRay"" class=""alignleft wp-image-63320 size-thumbnail"" height=""140"" src=""http://moviescounter.co/wp-content/uploads/2018/02/Cheaper-by-the-Dozen-2-2005-Movie-Free-Download-720p-BluRay-1-220x140.jpg"" title=""Cheaper by the Dozen 2 2005 Movie Free Download 720p BluRay"" width=""220""/></a></div>
<p> </p>
<h2><span style=""color: #1064a0;"">Synopsis</span></h2>
<p style=""text-align: justify;"">Cheaper by the Dozen 2 2005 Movie Free Download 720p BluRay The Bakers, while in the midst of some recreation, end up contending with an opponent group of eight children.After having expelling it as a dimwitted family picture for ordinarily, I gave CHEAPER BY THE DOZEN, a free adjustment of a novel by Frank B. Gilbreth Jr. furthermore, Ernestine Gilbreth Carey, an attempt and it ended up being an unexpected enjoyment. It wasn’t impeccable, perhaps not in any case recipe, yet I was pleased by it. It was a considerable measure of fun and it never appeared to run our of vitality, particularly for the constantly amusing Steve Martin. Martin is back in this spin-off, as is a significant part of a similar cast, Bonnie Hunt specifically.</p>
<p style=""text-align: justify;"">Joining the first cast is another arrangement of players including American PIE customary Eugene Levy, spoof film normal Carmen Electra and another bunch of children and adolescents. This is CHEAPER BY THE DOZEN 2, and on the off chance that I wasn’t right about the primary film, I was all the more wrong to think this one will be better.In this continuation, the family that couldn’t get along deserts all their impassion quite a while back. Presently their one major, cheerful family. While going on an outdoors get-away (of course, they need to live inside a spoiled, old lodge), they get into some opposition with father Tom Baker’s (Martin) old adversary Jimmy Murtaugh (Levy) and his family, made out of hot spouse Sarina (Electra) and eight kids.</p>
<p>Cheaper by the Dozen 2 2005 Movie Free Download 720p BluRay HD 720,Free Movie Download Cheaper by the Dozen 2, Cheaper by the Dozen 2 Film Cheaper by the Dozen 2 2005 Movie Download Free from Movies Counter</p>
<h2>Cheaper by the Dozen 2 2005 Movie Free Download 720p BluRay</h2>
<p><span style=""color: #1064a0;""> If you’re facing any problem please Comment below Thanks</span>.</p>
 </div>","adventure-movies,comedy-movies,english-movies,family-movies,720p,,bonnie-hunt,cheaper-by-the-dozen-2-2005-movie-free-download,cheaper-by-the-dozen-2-2005-movie-free-download-720p-bluray,download-movies,free-movie-download,hilary-duff,movies-counter,steve-martin,","bonnie-hunt,cheaper-by-the-dozen-2-2005-movie-free-download,cheaper-by-the-dozen-2-2005-movie-free-download-720p-bluray,download-movies,free-movie-download,hilary-duff,movies-counter,steve-martin,"
post,publish,Kyon Ki 2005 Movie Free Download 720p BluRay,"<div class=""thecontent"">

<p><span style=""color: #1064a0;"">Kyon Ki 2005 Movie Free Download 720p BluRay</span></p>
<h3 style=""text-align: center;""><span style=""color: #1064a0;""><img alt=""Kyon Ki 2005 Movie Free Download 720p BluRay"" class=""alignleft wp-image-63302 size-medium"" height=""340"" sizes=""(max-width: 237px) 100vw, 237px"" src=""http://moviescounter.co/wp-content/uploads/2018/02/Kyon-Ki-2005-Movie-Free-Download-720p-BluRay-237x340.jpg"" srcset=""http://moviescounter.co/wp-content/uploads/2018/02/Kyon-Ki-2005-Movie-Free-Download-720p-BluRay-237x340.jpg 237w, http://moviescounter.co/wp-content/uploads/2018/02/Kyon-Ki-2005-Movie-Free-Download-720p-BluRay.jpg 555w"" title=""Kyon Ki 2005 Movie Free Download 720p BluRay"" width=""237""/>Movie Info</span></h3>
<p style=""text-align: left;""><strong>Full Name:</strong> Kyon Ki 2005 Movie Free Download 720p BluRay<br/>
<strong>Size:</strong> 1.1 GB<br/>
<strong>Quality:</strong> 720p BluRay<br/>
<strong>Genres:</strong>   Drama, Romance<br/>
<strong>Release Date:</strong>  3 November 2005<strong><br/>
</strong><strong>Language:</strong> English<br/>
<strong>Cast:</strong>   Salman Khan, Kareena Kapoor Khan, Rimi Sen</p>
<p><span class=""imdbRatingPlugin imdbRatingStyle3"" data-style=""p3"" data-title=""tt0451787"" data-user=""ur65770829""><a href=""http://www.imdb.com/title/tt0451787/?ref_=plg_rt_1""><img alt=""Kyon Ki... (2005) on IMDb"" src=""http://g-ecx.images-amazon.com/images/G/01/imdb/plugins/rating/images/imdb_37x18.png""/><br/>
</a><span class=""rating"">5.5<span class=""ofTen"">/10</span></span><span class=""votes"">2,956 votes</span></span><script>(function(d,s,id){var js,stags=d.getElementsByTagName(s)[0];if(d.getElementById(id)){return;}js=d.createElement(s);js.id=id;js.src=""http://g-ec2.images-amazon.com/images/G/01/imdb/plugins/rating/js/rating.min.js"";stags.parentNode.insertBefore(js,stags);})(document,'script','imdb-rating-api');</script></p>
<p style=""text-align: justify;"">Kyon Ki 2005 Movie Free Download 720p BluRay In the wake of taking in the tragic truth about a patient, a female specialist experiences passionate feelings for him.</p>
<h3><span style=""color: #1064a0;""> Download Full Movie in HD (1.1 GB) ↓</span></h3>
<form action=""http://moviescounter.co/start-downloading/"" method=""post""><input name=""FName"" type=""hidden"" value=""MoviesCounter.Kyon.Ki.2005.720p.mkv""/><br/>
<input name=""FSize"" type=""hidden"" value=""1.1 GB""/><br/>
<input name=""FSID"" type=""hidden"" value=""85.25.210.101""/><p></p>
<div align=""center""><input alt=""Download Movie"" height="""" src=""http://moviescounter.co/wp-content/uploads/2016/09/MC-download-button.png"" type=""image"" width=""225""/></div>
</form>
<p> </p>
<h2><span style=""color: #1064a0;"">Click Image To View Full Size</span></h2>
<div class=""clearfix""><a href=""http://moviescounter.co/wp-content/uploads/2018/02/Kyon-Ki-2005-Movie-Free-Download-720p-BluRay-2.jpg""><img alt=""Kyon Ki 2005 Movie Free Download 720p BluRay"" class=""alignleft wp-image-63300 size-thumbnail"" height=""140"" src=""http://moviescounter.co/wp-content/uploads/2018/02/Kyon-Ki-2005-Movie-Free-Download-720p-BluRay-2-220x140.jpg"" title=""Kyon Ki 2005 Movie Free Download 720p BluRay"" width=""220""/></a><a href=""http://moviescounter.co/wp-content/uploads/2018/02/Kyon-Ki-2005-Movie-Free-Download-720p-BluRay-1.jpg""><img alt=""Kyon Ki 2005 Movie Free Download 720p BluRay"" class=""alignleft wp-image-63299 size-thumbnail"" height=""140"" src=""http://moviescounter.co/wp-content/uploads/2018/02/Kyon-Ki-2005-Movie-Free-Download-720p-BluRay-1-220x140.jpg"" title=""Kyon Ki 2005 Movie Free Download 720p BluRay"" width=""220""/></a><a href=""http://moviescounter.co/wp-content/uploads/2018/02/Kyon-Ki-2005-Movie-Free-Download-720p-BluRay-3.jpg""><img alt=""Kyon Ki 2005 Movie Free Download 720p BluRay"" class=""alignleft wp-image-63301 size-thumbnail"" height=""140"" src=""http://moviescounter.co/wp-content/uploads/2018/02/Kyon-Ki-2005-Movie-Free-Download-720p-BluRay-3-220x140.jpg"" title=""Kyon Ki 2005 Movie Free Download 720p BluRay"" width=""220""/></a></div>
<p> </p>
<h2><span style=""color: #1064a0;"">Synopsis</span></h2>
<p style=""text-align: justify;"">Kyon Ki 2005 Movie Free Download 720p BluRay Widowed Colonel Khurana, an occupant of India, goes to London, aggregates enough riches, comes back to India, opens a private Sanatorium for the crazy, and contracts his little girl, Tanvi, as one of the therapists’. His second-in-control is Dr. Sunil. Tanvi takes care of patient #36, a lady by the name of Shobhna Mathur, affectionately, relatively like the mother she never had. At that point Shobhna gets well, is released and unfit to remember Tanvi’s adoring consideration. This hurts Tanvi, so she chooses never to draw near to any patient, particularly the new patient #36, Anand J. Sharma, who has been conceded by a Court Order. Conditions do influence Tanvi and Anand to draw near, so shut that they go gaga for each other.</p>
<p style=""text-align: justify;"">However, her taskmaster father has picked a suitor named Karan, and isn’t willing to go out on a limb of Tanvi wedding a psychological patient, particularly one like Anand, who has been captured and accused of slaughtering his life partner, Maya.The story follows its heredity to Hollywood’s ‘One Flew Over the Cuckoo’s Nest’ which Priyadarshan has depicted in ‘Thalavattam’ (Malayalam) and ‘Kyon Ki’. Albeit some called it a parody, I would call it a catastrophe. Jokes including the simple-minded are history. The exaggerated peak really leaves the watcher sickening. Character improvement is poor with lead combine’s affection and science barely noticeable.Salman is tolerable and Kareena however stout looks cute in sarees. Om Purie, Jackie Shroff and Rimi are acceptable. Sunil Shetty’s cameo was avoidable. Of the tunes, ‘Kyon ki itna pyar’ and ‘Dil Keh Raha Hai’ are commendable. Priyadarshan could rather stick to comedies like Hungama or Garam Masala for better BO achievement.</p>
<p>Kyon Ki 2005 Movie Free Download 720p BluRay HD 720,Free Movie Download Kyon Ki, Kyon Ki Film Kyon Ki 2005 Movie Download Free from Movies Counter</p>
<h2>Kyon Ki 2005 Movie Free Download 720p BluRay</h2>
<p><span style=""color: #1064a0;""> If you’re facing any problem please Comment below Thanks</span>.</p>
 </div>","drama,hd-movies,hindi-movies,older-movies,romantic-movies,720p,,download-movies,free-movie-download,kareena-kapoor-khan,kyon-ki-2005-movie-free-download,kyon-ki-2005-movie-free-download-720p-bluray,movies-counter,rimi-sen,salman-khan,","download-movies,free-movie-download,kareena-kapoor-khan,kyon-ki-2005-movie-free-download,kyon-ki-2005-movie-free-download-720p-bluray,movies-counter,rimi-sen,salman-khan,"
post,publish,21 Jump Street 2012 Movie Free Download 720p BluRay,"<div class=""thecontent"">

<p><span style=""color: #1064a0;"">21 Jump Street 2012 Movie Free Download 720p BluRay</span></p>
<h3 style=""text-align: center;""><span style=""color: #1064a0;""><img alt=""21 Jump Street 2012 Movie Free Download 720p BluRay"" class=""alignleft wp-image-63306 size-medium"" height=""340"" sizes=""(max-width: 230px) 100vw, 230px"" src=""http://moviescounter.co/wp-content/uploads/2018/02/21-Jump-Street-2012-Movie-Free-Download-720p-BluRay-4-230x340.jpg"" srcset=""http://moviescounter.co/wp-content/uploads/2018/02/21-Jump-Street-2012-Movie-Free-Download-720p-BluRay-4-230x340.jpg 230w, http://moviescounter.co/wp-content/uploads/2018/02/21-Jump-Street-2012-Movie-Free-Download-720p-BluRay-4.jpg 675w"" title=""21 Jump Street 2012 Movie Free Download 720p BluRay"" width=""230""/>Movie Info</span></h3>
<p style=""text-align: left;""><strong>Full Name:</strong> 21 Jump Street 2012 Movie Free Download 720p BluRay<br/>
<strong>Size:</strong> 700 MB<br/>
<strong>Quality:</strong> 720p BluRay<br/>
<strong>Genres:</strong>   Action, Comedy, Crime<br/>
<strong>Release Date:</strong>  16 March 2012<strong><br/>
</strong><strong>Language:</strong> English<br/>
<strong>Cast:</strong>  Jonah Hill, Channing Tatum, Ice Cube</p>
<p><span class=""imdbRatingPlugin imdbRatingStyle3"" data-style=""p3"" data-title=""tt1232829"" data-user=""ur65770829""><a href=""http://www.imdb.com/title/tt1232829/?ref_=plg_rt_1""><img alt=""21 Jump Street (2012) on IMDb"" src=""http://g-ecx.images-amazon.com/images/G/01/imdb/plugins/rating/images/imdb_37x18.png""/><br/>
</a><span class=""rating"">7.2<span class=""ofTen"">/10</span></span><span class=""votes"">453,785 votes</span></span><script>(function(d,s,id){var js,stags=d.getElementsByTagName(s)[0];if(d.getElementById(id)){return;}js=d.createElement(s);js.id=id;js.src=""http://g-ec2.images-amazon.com/images/G/01/imdb/plugins/rating/js/rating.min.js"";stags.parentNode.insertBefore(js,stags);})(document,'script','imdb-rating-api');</script></p>
<p style=""text-align: justify;"">21 Jump Street 2012 Movie Free Download 720p BluRay A couple of underachieving cops are sent back to a nearby secondary school to mix in and cut down an engineered tranquilize ring.In secondary school.</p>
<h3><span style=""color: #1064a0;""> Download Full Movie in HD (700 MB) ↓</span></h3>
<form action=""http://moviescounter.co/start-downloading/"" method=""post""><input name=""FName"" type=""hidden"" value=""MoviesCounter.21.Jump.Street.2012.720p.mp4""/><br/>
<input name=""FSize"" type=""hidden"" value=""700 MB""/><br/>
<input name=""FSID"" type=""hidden"" value=""85.25.210.101""/><p></p>
<div align=""center""><input alt=""Download Movie"" height="""" src=""http://moviescounter.co/wp-content/uploads/2016/09/MC-download-button.png"" type=""image"" width=""225""/></div>
</form>
<p> </p>
<h2><span style=""color: #1064a0;"">Click Image To View Full Size</span></h2>
<div class=""clearfix""><a href=""http://moviescounter.co/wp-content/uploads/2018/02/21-Jump-Street-2012-Movie-Free-Download-720p-BluRay-1.jpg""><img alt=""21 Jump Street 2012 Movie Free Download 720p BluRay"" class=""alignleft wp-image-63303 size-thumbnail"" height=""140"" src=""http://moviescounter.co/wp-content/uploads/2018/02/21-Jump-Street-2012-Movie-Free-Download-720p-BluRay-1-220x140.jpg"" title=""21 Jump Street 2012 Movie Free Download 720p BluRay"" width=""220""/></a><a href=""http://moviescounter.co/wp-content/uploads/2018/02/21-Jump-Street-2012-Movie-Free-Download-720p-BluRay-2.jpg""><img alt=""21 Jump Street 2012 Movie Free Download 720p BluRay"" class=""alignleft wp-image-63304 size-thumbnail"" height=""140"" src=""http://moviescounter.co/wp-content/uploads/2018/02/21-Jump-Street-2012-Movie-Free-Download-720p-BluRay-2-220x140.jpg"" title=""21 Jump Street 2012 Movie Free Download 720p BluRay"" width=""220""/></a><a href=""http://moviescounter.co/wp-content/uploads/2018/02/21-Jump-Street-2012-Movie-Free-Download-720p-BluRay-3.jpg""><img alt=""21 Jump Street 2012 Movie Free Download 720p BluRay"" class=""alignleft wp-image-63305 size-thumbnail"" height=""140"" src=""http://moviescounter.co/wp-content/uploads/2018/02/21-Jump-Street-2012-Movie-Free-Download-720p-BluRay-3-220x140.jpg"" title=""21 Jump Street 2012 Movie Free Download 720p BluRay"" width=""220""/></a></div>
<p> </p>
<h2><span style=""color: #1064a0;"">Synopsis</span></h2>
<p style=""text-align: justify;"">21 Jump Street 2012 Movie Free Download 720p BluRay A couple of underachieving cops are sent back to a nearby secondary school to mix in and cut down an engineered tranquilize ring.In secondary school, Schmidt Jonah Hill was a dork and Jenko Channing Tatum was the mainstream athlete. After graduation, them two joined the police drive and wound up as accomplices riding bikes in the city stop. Since they are youthful and look like secondary school understudies, they are doled out to a covert unit to invade a medication ring that is providing secondary school understudies engineered drugs.I genuinely thought this motion picture was awesome.</p>
<p style=""text-align: justify;"">Truly, there were parts I wasn’t attached to a touch of the exchange appeared to me to be profane entirely for being foul… there was the standard expected Jonah Hill trademarked heap of penis jokes and one amazingly superfluous stun choke yet most of the film was, to me, shockingly humorous/shrewd/important in the present society, mindful, and situationally diverting. Indeed, even the stupidest and most befoul of this present motion picture’s jokes and banalities appeared to realize that they were such and were given the best possible comedic develop/setting to in any event warrant a laugh. This motion picture had some shockingly astute exchange all through and a portion of the best supporting characters I’ve found in late comedies (Ice Cube, The Principal, and so on..) What truly emerged to me however was the altering.</p>
<p>21 Jump Street 2012 Movie Free Download 720p BluRay HD 720,Free Movie Download 21 Jump Street, 21 Jump Street Film 21 Jump Street 2012 Movie Download Free from Movies Counter</p>
<h2>21 Jump Street 2012 Movie Free Download 720p BluRay</h2>
<p><span style=""color: #1064a0;""> If you’re facing any problem please Comment below Thanks</span>.</p>
 </div>","2012-movies,action-movies,comedy-movies,crime-movies,english-movies,hd-movies,21-jump-street-2012-movie-free-download,21-jump-street-2012-movie-free-download-720p-bluray,720p,,channing-tatum,download-movies,free-movie-download,ice-cube,jonah-hill,movies-counter,","channing-tatum,download-movies,free-movie-download,ice-cube,jonah-hill,movies-counter,"
post,publish,Tyler Perrys Boo 2 A Madea Halloween 2017 Movie Free Download 720p BluRay,"<div class=""thecontent"">

<p><span style=""color: #1064a0;"">Tyler Perrys Boo 2 A Madea Halloween 2017 Movie Free Download 720p BluRay</span></p>
<h3 style=""text-align: center;""><span style=""color: #1064a0;""><img alt=""Tyler Perrys Boo 2 A Madea Halloween 2017 Movie Free Download 720p BluRay"" class=""alignleft wp-image-61891 size-medium"" height=""340"" sizes=""(max-width: 235px) 100vw, 235px"" src=""http://moviescounter.co/wp-content/uploads/2017/11/Tyler-Perrys-Boo-2-A-Madea-Halloween-2017-Movie-Free-Download-720p-BluRay-3-235x340.jpg"" srcset=""http://moviescounter.co/wp-content/uploads/2017/11/Tyler-Perrys-Boo-2-A-Madea-Halloween-2017-Movie-Free-Download-720p-BluRay-3-235x340.jpg 235w, http://moviescounter.co/wp-content/uploads/2017/11/Tyler-Perrys-Boo-2-A-Madea-Halloween-2017-Movie-Free-Download-720p-BluRay-3-228x331.jpg 228w, http://moviescounter.co/wp-content/uploads/2017/11/Tyler-Perrys-Boo-2-A-Madea-Halloween-2017-Movie-Free-Download-720p-BluRay-3.jpg 691w"" title=""Tyler Perrys Boo 2 A Madea Halloween 2017 Movie Free Download 720p BluRay"" width=""235""/>Movie Info</span></h3>
<p style=""text-align: left;""><strong>Full Name:</strong> Tyler Perrys Boo 2 A Madea Halloween 2017 Movie Free Download 720p BluRay<br/>
<strong>Size:</strong> 928 MB<br/>
<strong>Quality:</strong> 720p BluRay<br/>
<strong>Genres:</strong>   Comedy, Horror<br/>
<strong>Release Date:</strong>  20 October 2017<strong><br/>
</strong><strong>Language:</strong> English<br/>
<strong>Cast:</strong>  Tyler Perry, Cassi Davis, Patrice Lovely</p>
<p><span class=""imdbRatingPlugin imdbRatingStyle3"" data-style=""p3"" data-title=""tt6217804"" data-user=""ur65770829""><a href=""http://www.imdb.com/title/tt6217804/?ref_=plg_rt_1""><img alt=""Tyler Perry's Boo 2! A Madea Halloween (2017) on IMDb"" src=""http://g-ecx.images-amazon.com/images/G/01/imdb/plugins/rating/images/imdb_37x18.png""/><br/>
</a><span class=""rating"">3.5<span class=""ofTen"">/10</span></span><span class=""votes"">2,415 votes</span></span><script>(function(d,s,id){var js,stags=d.getElementsByTagName(s)[0];if(d.getElementById(id)){return;}js=d.createElement(s);js.id=id;js.src=""http://g-ec2.images-amazon.com/images/G/01/imdb/plugins/rating/js/rating.min.js"";stags.parentNode.insertBefore(js,stags);})(document,'script','imdb-rating-api');</script></p>
<p style=""text-align: justify;"">Tyler Perrys Boo 2 A Madea Halloween 2017 Movie Free Download 720p BluRay Madea, Bam, and Hattie dare to a spooky campground and the gathering must keep running for their lives when beasts, trolls, and the boogeyman are unleashed.</p>
<h3><span style=""color: #1064a0;""> Download Full Movie in HD (928 MB) ↓</span></h3>
<form action=""http://moviescounter.co/start-downloading/"" method=""post""><input name=""FName"" type=""hidden"" value=""MoviesCounter.Tyler.Perrys.Boo.2.A.Madea.Halloween.2017.720p.mkv""/><br/>
<input name=""FSize"" type=""hidden"" value=""928 MB""/><br/>
<input name=""FSID"" type=""hidden"" value=""85.25.210.101""/><p></p>
<div align=""center""><input alt=""Download Movie"" height="""" src=""http://moviescounter.co/wp-content/uploads/2016/09/MC-download-button.png"" type=""image"" width=""225""/></div>
</form>
<p> </p>
<h2><span style=""color: #1064a0;"">Click Image To View Full Size</span></h2>
<div class=""clearfix""><a href=""http://moviescounter.co/wp-content/uploads/2017/11/Tyler-Perrys-Boo-2-A-Madea-Halloween-2017-Movie-Free-Download-720p-BluRay-4.jpg""><img alt=""Tyler Perrys Boo 2 A Madea Halloween 2017 Movie Free Download 720p BluRay"" class=""alignleft wp-image-61892 size-thumbnail"" height=""140"" src=""http://moviescounter.co/wp-content/uploads/2017/11/Tyler-Perrys-Boo-2-A-Madea-Halloween-2017-Movie-Free-Download-720p-BluRay-4-220x140.jpg"" title=""Tyler Perrys Boo 2 A Madea Halloween 2017 Movie Free Download 720p BluRay"" width=""220""/></a><a href=""http://moviescounter.co/wp-content/uploads/2017/11/Tyler-Perrys-Boo-2-A-Madea-Halloween-2017-Movie-Free-Download-720p-BluRay-2.jpg""><img alt=""Tyler Perrys Boo 2 A Madea Halloween 2017 Movie Free Download 720p BluRay"" class=""alignleft wp-image-61890 size-thumbnail"" height=""140"" src=""http://moviescounter.co/wp-content/uploads/2017/11/Tyler-Perrys-Boo-2-A-Madea-Halloween-2017-Movie-Free-Download-720p-BluRay-2-220x140.jpg"" title=""Tyler Perrys Boo 2 A Madea Halloween 2017 Movie Free Download 720p BluRay"" width=""220""/></a><a href=""http://moviescounter.co/wp-content/uploads/2017/11/Tyler-Perrys-Boo-2-A-Madea-Halloween-2017-Movie-Free-Download-720p-BluRay-1.jpg""><img alt=""Tyler Perrys Boo 2 A Madea Halloween 2017 Movie Free Download 720p BluRay"" class=""alignleft wp-image-61889 size-thumbnail"" height=""140"" src=""http://moviescounter.co/wp-content/uploads/2017/11/Tyler-Perrys-Boo-2-A-Madea-Halloween-2017-Movie-Free-Download-720p-BluRay-1-220x140.jpg"" title=""Tyler Perrys Boo 2 A Madea Halloween 2017 Movie Free Download 720p BluRay"" width=""220""/></a></div>
<p> </p>
<h2><span style=""color: #1064a0;"">Synopsis</span></h2>
<p style=""text-align: justify;"">Tyler Perrys Boo 2 A Madea Halloween 2017 Movie Free Download 720p BluRay Madea, Bam, and Hattie dare to a spooky campground and the gathering must keep running for their lives when beasts, trolls, and the boogeyman are unleashed.I was luffing so hard I practically stifled on mu popcorn yo yet in addition dis motion picture is additionally Hakka rush yo, Dem hop alarms had me like “goodness snap” yet Madea took care of DAT stuff, yo go young lady and nook likewise you surrender it to DA jay man in the sky.Your films are cutting edge minstrel appears and as Madea you represent each negative generalization that exists in dark culture. Nothing about what you do or say is even remotely interesting.</p>
<p style=""text-align: justify;"">I think about now and again whether through the heaps of money and the turbid shroud of Hollywood, If you set aside the opportunity to take a gander at yourself in the mirror before you unavoidably shuck and jive your way through another film.To date, nine of Tyler Perry’s twenty pictures as a maker, essayist, or executive have included the character Madea, a straightforward and extreme adoring elderly lady with a supporting heart, a very intense reception apparatus for the contrast amongst good and bad, and an inclination for including herself in the inconveniences of other individuals. Tyler Perry’s mark character has made her stamp for such a large number of years, showing lessons in her own particular one of a kind way.</p>
<p>Tyler Perrys Boo 2 A Madea Halloween 2017 Movie Free Download 720p BluRay HD 720,Free Movie Download Tyler Perrys Boo 2 A Madea Halloween, Tyler Perrys Boo 2 A Madea Halloween Film Tyler Perrys Boo 2 A Madea Halloween 2017 Movie Download Free from Movies Counter</p>
<h2>Tyler Perrys Boo 2 A Madea Halloween 2017 Movie Free Download 720p BluRay</h2>
<p><span style=""color: #1064a0;""> If you’re facing any problem please Comment below Thanks</span>.</p>
 </div>","2017-movies,comedy-movies,english-movies,hd-movies,horror-movies,latest-movies,720p,,cassi-davis,download-movies,free-movie-download,movies-counter,patrice-lovely,tyler-perry,tyler-perrys-boo-2-a-madea-halloween-2017-movie-free-download,tyler-perrys-boo-2-a-madea-halloween-2017-movie-free-download-720p-bluray,","cassi-davis,download-movies,free-movie-download,movies-counter,patrice-lovely,tyler-perry,tyler-perrys-boo-2-a-madea-halloween-2017-movie-free-download,tyler-perrys-boo-2-a-madea-halloween-2017-movie-free-download-720p-bluray,"
post,publish,The Final Girls 2015 Movie Free Download 720p BluRay,"<div class=""thecontent"">

<p><span style=""color: #1064a0;"">The Final Girls 2015 Movie Free Download 720p BluRay</span></p>
<h3 style=""text-align: center;""><span style=""color: #1064a0;""><img alt=""The Final Girls 2015 Movie Free Download 720p BluRay"" class=""alignleft wp-image-63309 size-medium"" height=""340"" sizes=""(max-width: 229px) 100vw, 229px"" src=""http://moviescounter.co/wp-content/uploads/2018/02/The-Final-Girls-2015-Movie-Free-Download-720p-BluRay-2-229x340.jpg"" srcset=""http://moviescounter.co/wp-content/uploads/2018/02/The-Final-Girls-2015-Movie-Free-Download-720p-BluRay-2-229x340.jpg 229w, http://moviescounter.co/wp-content/uploads/2018/02/The-Final-Girls-2015-Movie-Free-Download-720p-BluRay-2.jpg 674w"" title=""The Final Girls 2015 Movie Free Download 720p BluRay"" width=""229""/>Movie Info</span></h3>
<p style=""text-align: left;""><strong>Full Name:</strong> The Final Girls 2015 Movie Free Download 720p BluRay<br/>
<strong>Size:</strong> 685 MB<br/>
<strong>Quality:</strong> 720p BluRay<br/>
<strong>Genres:</strong>   Comedy, Horror<br/>
<strong>Release Date:</strong>  5 November 2015 <strong><br/>
</strong><strong>Language:</strong> English<br/>
<strong>Cast:</strong>   Taissa Farmiga, Malin Akerman, Adam Devine</p>
<p><span class=""imdbRatingPlugin imdbRatingStyle3"" data-style=""p3"" data-title=""tt2118624"" data-user=""ur65770829""><a href=""http://www.imdb.com/title/tt2118624/?ref_=plg_rt_1""><img alt=""The Final Girls (2015) on IMDb"" src=""http://g-ecx.images-amazon.com/images/G/01/imdb/plugins/rating/images/imdb_37x18.png""/><br/>
</a><span class=""rating"">6.6<span class=""ofTen"">/10</span></span><span class=""votes"">27,040 votes</span></span><script>(function(d,s,id){var js,stags=d.getElementsByTagName(s)[0];if(d.getElementById(id)){return;}js=d.createElement(s);js.id=id;js.src=""http://g-ec2.images-amazon.com/images/G/01/imdb/plugins/rating/js/rating.min.js"";stags.parentNode.insertBefore(js,stags);})(document,'script','imdb-rating-api');</script></p>
<p style=""text-align: justify;"">The Final Girls 2015 Movie Free Download 720p BluRay A young lady lamenting the loss of her mom, a renowned shout ruler from the 1980s, gets herself maneuvered into the universe of her mother’s most well known film.</p>
<h3><span style=""color: #1064a0;""> Download Full Movie in HD (685 MB) ↓ </span></h3>
<form action=""http://moviescounter.co/start-downloading/"" method=""post""><input name=""FName"" type=""hidden"" value=""MoviesCounter.The.Final.Girls.2015.720p.mp4""/><br/>
<input name=""FSize"" type=""hidden"" value=""685 MB""/><br/>
<input name=""FSID"" type=""hidden"" value=""85.25.210.101""/><p></p>
<div align=""center""><input alt=""Download Movie"" height="""" src=""http://moviescounter.co/wp-content/uploads/2016/09/MC-download-button.png"" type=""image"" width=""225""/></div>
</form>
<p> </p>
<h2><span style=""color: #1064a0;"">Click Image To View Full Size</span></h2>
<div class=""clearfix""><a href=""http://moviescounter.co/wp-content/uploads/2018/02/The-Final-Girls-2015-Movie-Free-Download-720p-BluRay-3.jpg""><img alt=""The Final Girls 2015 Movie Free Download 720p BluRay"" class=""alignleft wp-image-63310 size-thumbnail"" height=""140"" src=""http://moviescounter.co/wp-content/uploads/2018/02/The-Final-Girls-2015-Movie-Free-Download-720p-BluRay-3-220x140.jpg"" title=""The Final Girls 2015 Movie Free Download 720p BluRay"" width=""220""/></a><a href=""http://moviescounter.co/wp-content/uploads/2018/02/The-Final-Girls-2015-Movie-Free-Download-720p-BluRay-1.jpg""><img alt=""The Final Girls 2015 Movie Free Download 720p BluRay"" class=""alignleft wp-image-63308 size-thumbnail"" height=""140"" src=""http://moviescounter.co/wp-content/uploads/2018/02/The-Final-Girls-2015-Movie-Free-Download-720p-BluRay-1-220x140.jpg"" title=""The Final Girls 2015 Movie Free Download 720p BluRay"" width=""220""/></a><a href=""http://moviescounter.co/wp-content/uploads/2018/02/The-Final-Girls-2015-Movie-Free-Download-720p-BluRay-4.jpg""><img alt=""The Final Girls 2015 Movie Free Download 720p BluRay"" class=""alignleft wp-image-63311 size-thumbnail"" height=""140"" src=""http://moviescounter.co/wp-content/uploads/2018/02/The-Final-Girls-2015-Movie-Free-Download-720p-BluRay-4-220x140.jpg"" title=""The Final Girls 2015 Movie Free Download 720p BluRay"" width=""220""/></a></div>
<p> </p>
<h2><span style=""color: #1064a0;"">Synopsis</span></h2>
<p style=""text-align: justify;"">The Final Girls 2015 Movie Free Download 720p BluRay Rejoined, the ladies must fend off the film’s deranged killer.When Max (Taissa Farmiga) and her companions reluctantly go to a tribute screening of a scandalous ’80s slasher film that featured Max’s late mother (Malin Akerman), they are coincidentally sucked into the silver screen. They soon acknowledge they are caught inside the faction exemplary motion picture and should collaborate with the anecdotal and disastrous “Camp Bloodbath” instructors, including Max’s mother as the modest shout ruler, to fight the film’s cleaver using, veiled executioner.</p>
<p style=""text-align: justify;"">With the body include rising scene after famous scene, will’s identity THE FINAL GIRLS left standing and live to get away from this film. Preceding 1994, Quentin Tarantino was really known as  sit tight for it  Quentin Tarantino. The occasion that changed him into a film symbol to be everlastingly referred to just as “QT” was obviously Pulp Fiction. The record will appear, individuals from the jury, that Pulp was not really the best acted or best delivered film at the time yet what it had was the best content of the period, a content so sharp you could cut yourself simply by watching the film. Contents that great, contents composed by insiders for untouchables needing to feel like insiders, are uncommon. So uncommon they show up about once every decade. Also, this is the sharp content of the present time.</p>
<p>The Final Girls 2015 Movie Free Download 720p BluRay HD 720,Free Movie Download The Final Girls, The Final Girls Film The Final Girls 2015 Movie Download Free from Movies Counter</p>
<h2>The Final Girls 2015 Movie Free Download 720p BluRay</h2>
<p><span style=""color: #1064a0;""> If you’re facing any problem please Comment below Thanks</span>.</p>
 </div>","2015-movies,comedy-movies,english-movies,hd-movies,horror-movies,720p,,adam-devine,download-movies,free-movie-download,malin-akerman,movies-counter,taissa-farmiga,the-final-girls-2015-movie-free-download,the-final-girls-2015-movie-free-download-720p-bluray,","adam-devine,download-movies,free-movie-download,malin-akerman,movies-counter,taissa-farmiga,the-final-girls-2015-movie-free-download,the-final-girls-2015-movie-free-download-720p-bluray,"
post,publish,Call Me by Your Name 2017 Movie Free Download 720p BluRay,"<div class=""thecontent"">

<p><span style=""color: #1064a0;"">Call Me by Your Name 2017 Movie Free Download 720p BluRay</span></p>
<h3 style=""text-align: center;""><span style=""color: #1064a0;""><img alt=""Call Me by Your Name 2017 Movie Free Download 720p BluRay"" class=""alignleft wp-image-54903 size-medium"" height=""340"" sizes=""(max-width: 234px) 100vw, 234px"" src=""http://moviescounter.co/wp-content/uploads/2017/05/Call-Me-by-Your-Name-2017-Movie-Free-Download-720p-BluRay-2-234x340.jpg"" srcset=""http://moviescounter.co/wp-content/uploads/2017/05/Call-Me-by-Your-Name-2017-Movie-Free-Download-720p-BluRay-2-234x340.jpg 234w, http://moviescounter.co/wp-content/uploads/2017/05/Call-Me-by-Your-Name-2017-Movie-Free-Download-720p-BluRay-2-228x331.jpg 228w, http://moviescounter.co/wp-content/uploads/2017/05/Call-Me-by-Your-Name-2017-Movie-Free-Download-720p-BluRay-2.jpg 550w"" title=""Call Me by Your Name 2017 Movie Free Download 720p BluRay"" width=""234""/>Movie Info</span></h3>
<p style=""text-align: left;""><strong>Full Name:</strong> Call Me by Your Name 2017 Movie Free Download 720p BluRay<br/>
<strong>Size:</strong> 951 MB<br/>
<strong>Quality:</strong> 720p BluRay<br/>
<strong>Genres:</strong>  Drama, Romance<br/>
<strong>Release Date:</strong> 24 November 2017<strong><br/>
</strong><strong>Language:</strong> English<br/>
<strong>Cast:</strong>  Elena Bucci, Vanda Capriolo, Amira Casar</p>
<p><span class=""imdbRatingPlugin imdbRatingStyle3"" data-style=""p3"" data-title=""tt5726616"" data-user=""ur65770829""><a href=""http://www.imdb.com/title/tt5726616/?ref_=plg_rt_1""><img alt=""Call Me by Your Name (2017) on IMDb"" src=""http://g-ecx.images-amazon.com/images/G/01/imdb/plugins/rating/images/imdb_37x18.png""/><br/>
</a><span class=""rating"">8.0<span class=""ofTen"">/10</span></span><span class=""votes"">98,369 votes</span></span><script>(function(d,s,id){var js,stags=d.getElementsByTagName(s)[0];if(d.getElementById(id)){return;}js=d.createElement(s);js.id=id;js.src=""http://g-ec2.images-amazon.com/images/G/01/imdb/plugins/rating/js/rating.min.js"";stags.parentNode.insertBefore(js,stags);})(document,'script','imdb-rating-api');</script></p>
<p style=""text-align: justify;"">Call Me by Your Name 2017 Movie Free Download 720p BluRay Summer of 1983, Northern Italy. An American-Italian is enchanted by an American understudy who comes to consider and live with his family.</p>
<h3><span style=""color: #1064a0;""> Download Full Movie in HD (951 MB) ↓</span></h3>
<form action=""http://moviescounter.co/start-downloading/"" method=""post""><input name=""FName"" type=""hidden"" value=""MoviesCounter.Call.me.by.your.Name.2017.720p.mp4""/><br/>
<input name=""FSize"" type=""hidden"" value=""951 MB""/><br/>
<input name=""FSID"" type=""hidden"" value=""85.25.210.101""/><p></p>
<div align=""center""><input alt=""Download Movie"" height="""" src=""http://moviescounter.co/wp-content/uploads/2016/09/MC-download-button.png"" type=""image"" width=""225""/></div>
</form>
<p> </p>
<h2><span style=""color: #1064a0;"">Click Image To View Full Size</span></h2>
<div class=""clearfix""><a href=""http://moviescounter.co/wp-content/uploads/2017/05/Call-Me-by-Your-Name-2017-Movie-Free-Download-720p-BluRay-1.jpg""><img alt=""Call Me by Your Name 2017 Movie Free Download 720p BluRay"" class=""alignleft wp-image-54902 size-thumbnail"" height=""140"" src=""http://moviescounter.co/wp-content/uploads/2017/05/Call-Me-by-Your-Name-2017-Movie-Free-Download-720p-BluRay-1-220x140.jpg"" title=""Call Me by Your Name 2017 Movie Free Download 720p BluRay"" width=""220""/></a><a href=""http://moviescounter.co/wp-content/uploads/2017/05/Call-Me-by-Your-Name-2017-Movie-Free-Download-720p-BluRay-3.jpg""><img alt=""Call Me by Your Name 2017 Movie Free Download 720p BluRay"" class=""alignleft wp-image-54904 size-thumbnail"" height=""140"" src=""http://moviescounter.co/wp-content/uploads/2017/05/Call-Me-by-Your-Name-2017-Movie-Free-Download-720p-BluRay-3-220x140.jpg"" title=""Call Me by Your Name 2017 Movie Free Download 720p BluRay"" width=""220""/></a><a href=""http://moviescounter.co/wp-content/uploads/2017/05/Call-Me-by-Your-Name-2017-Movie-Free-Download-720p-BluRay-4.jpg""><img alt=""Call Me by Your Name 2017 Movie Free Download 720p BluRay"" class=""alignleft wp-image-54905 size-thumbnail"" height=""140"" src=""http://moviescounter.co/wp-content/uploads/2017/05/Call-Me-by-Your-Name-2017-Movie-Free-Download-720p-BluRay-4-220x140.jpg"" title=""Call Me by Your Name 2017 Movie Free Download 720p BluRay"" width=""220""/></a></div>
<p> </p>
<h2><span style=""color: #1064a0;"">Synopsis</span></h2>
<p style=""text-align: justify;"">Call Me by Your Name 2017 Movie Free Download 720p BluRay Summer of 1983, Northern Italy. An American-Italian is enchanted by an American understudy who comes to consider and live with his family. Together they share an exceptional summer loaded with music, nourishment, and sentiment that will always show signs of change them.After perusing this Book, there is not one film in my life that I have been so anticipating seeing. It practically harms that I should hold up such a large number of months to perceive what I read and what I wound up falling into. Falling inside those composed words as though falling into water, to simply be submerged inside it.</p>
<p style=""text-align: justify;"">The way I envisioned the Story, the landscape inside my contemplations, resembled a lovely painting that just presents to you a feeling of tranquility… a story unfurling like mists delicately moving inside the blue sky.This Book left me wrapped up in a cover of pity, distress and I got myself frequented by how it finished. I frantically was seeking after the buzzword finishing. I simply needed for them to remain as one, and have the children’s story finishing I was so yearning for. I now convey with me bitterness that I wish not to feel, I have never perused a book that conveyed me to tears. I don’t read regularly, however I wish I could discover more excellent books like this one preceding they frequently wind up as an extraordinary motion picture.</p>
<p>Call Me by Your Name 2017 Movie Free Download 720p BluRay HD 720,Free Movie Download Call Me by Your Name ,Call Me by Your Name Film ,Call Me by Your Name 2017 Movie Download Free from Movies Counter</p>
<h2>Call Me by Your Name 2017 Movie Free Download 720p BluRay</h2>
<p><span style=""color: #1064a0;""> If you’re facing any problem please Comment below Thanks</span>.</p>
 </div>","2017-movies,drama,english-movies,hd-movies,latest-movies,romantic-movies,720p,,amira-casar,call-me-by-your-name-2017-movie-free-download,call-me-by-your-name-2017-movie-free-download-720p-bluray,download-movies,elena-bucci,free-movie-download,movies-counter,vanda-capriolo,","amira-casar,call-me-by-your-name-2017-movie-free-download,call-me-by-your-name-2017-movie-free-download-720p-bluray,download-movies,elena-bucci,free-movie-download,movies-counter,vanda-capriolo,"
post,publish,Aiyaary 2018 Movie Free Download HD Cam,"<div class=""thecontent"">

<p><span style=""color: #1064a0;"">Aiyaary 2018 Movie Free Download 720p BluRay</span></p>
<h3 style=""text-align: center;""><span style=""color: #1064a0;""><img alt=""Aiyaary 2018 Movie Free Download 720p BluRay"" class=""alignleft wp-image-63283 size-medium"" height=""340"" sizes=""(max-width: 235px) 100vw, 235px"" src=""http://moviescounter.co/wp-content/uploads/2013/06/Aiyaary-2018-Movie-Free-Download-720p-BluRay-235x340.jpg"" srcset=""http://moviescounter.co/wp-content/uploads/2013/06/Aiyaary-2018-Movie-Free-Download-720p-BluRay-235x340.jpg 235w, http://moviescounter.co/wp-content/uploads/2013/06/Aiyaary-2018-Movie-Free-Download-720p-BluRay-228x331.jpg 228w, http://moviescounter.co/wp-content/uploads/2013/06/Aiyaary-2018-Movie-Free-Download-720p-BluRay.jpg 692w"" title=""Aiyaary 2018 Movie Free Download 720p BluRay"" width=""235""/>Movie Info</span></h3>
<p style=""text-align: left;""><strong>Full Name:</strong> Aiyaary 2018 Movie Free Download 720p BluRay<br/>
<strong>Size:</strong> 698 MB<br/>
<strong>Quality:</strong> HD Cam<br/>
<strong>Genres:</strong> Drama<br/>
<strong>Release Date:</strong> 2018<strong><br/>
</strong><strong>Language:</strong> Hindi<br/>
<strong>Cast:</strong>  Sidharth Malhotra, Manoj Bajpayee, Mohammed Zeeshan Ayyub</p>
<p><span class=""imdbRatingPlugin imdbRatingStyle3"" data-style=""p3"" data-title=""tt6774212"" data-user=""ur65770829""><a href=""http://www.imdb.com/title/tt6774212/?ref_=plg_rt_1""><img alt=""Aiyaary (2018) on IMDb"" src=""http://g-ecx.images-amazon.com/images/G/01/imdb/plugins/rating/images/imdb_37x18.png""/><br/>
</a><span class=""rating"">5.1<span class=""ofTen"">/10</span></span><span class=""votes"">1,336 votes</span></span><script>(function(d,s,id){var js,stags=d.getElementsByTagName(s)[0];if(d.getElementById(id)){return;}js=d.createElement(s);js.id=id;js.src=""http://g-ec2.images-amazon.com/images/G/01/imdb/plugins/rating/js/rating.min.js"";stags.parentNode.insertBefore(js,stags);})(document,'script','imdb-rating-api');</script></p>
<p style=""text-align: justify;"">Aiyaary 2018 Movie Free Download 720p BluRay  The film, which similarly stars Manoj Bajpayee in lead part, settle around the association between a coach and a protege.</p>
<h3><span style=""color: #1064a0;""> Download Full Movie in HD Cam (698 MB) ↓</span></h3>
<form action=""http://moviescounter.co/start-downloading/"" method=""post""><input name=""FName"" type=""hidden"" value=""MoviesCounter.Aiyaary.2018.Cam.mkv""/><br/>
<input name=""FSize"" type=""hidden"" value=""698 MB""/><br/>
<input name=""FSID"" type=""hidden"" value=""85.25.177.147""/><p></p>
<div align=""center""><input alt=""Download Movie"" height="""" src=""http://moviescounter.co/wp-content/uploads/2016/09/MC-download-button.png"" type=""image"" width=""225""/></div>
</form>
<p> </p>
<h2><span style=""color: #1064a0;"">Synopsis</span></h2>
<p style=""text-align: justify;"">Aiyaary 2018 Movie Free Download 720p BluRay The film, which similarly stars Manoj Bajpayee in lead part, settle around the association between a coach and a protege. I am genuinely eager to work with Neeraj as he for the most part passes on a segment of reality to his substance. The film, which is a redo of the 1969 movie of a comparative name, furthermore stars Sonakshi Sinha.The film, which in like manner stars Manoj Bajpayee in lead part, settle around the association between a guide and a protege. I am genuinely eager to work with Neeraj as he for the most part passes on a segment of reality to his substance. The film, which is a patch up of the 1969 movie of a comparable name, furthermore stars Sonakshi Sinha.The film, which moreover stars Manoj Bajpayee in lead part, settle around the association between a coach and a protege. I am genuinely eager to work with Neeraj as he by and large passes on a part of reality to his substance. The film, which is a patch up of the 1969 movie of a comparative name, furthermore stars Sonakshi Sinha.The film, which similarly stars Manoj Bajpayee in lead part, settle around the association between a mentor and a protege. I am genuinely eager to work with Neeraj as he for the most part passes on a segment of reality to his substance. The film, which is a redo of the 1969 movie of a comparable name, moreover stars Sonakshi Sinha.</p>
<p>Aiyaary 2018 Movie Free Download 720p BluRay HD 720,Free Movie Download Aiyaary, Aiyaary Film ,Aiyaary 2018 Movie Download Free from Movies Counter</p>
<h2>Aiyaary 2018 Movie Free Download 720p BluRay</h2>
<p><span style=""color: #1064a0;""> If you’re facing any problem please Comment below Thanks</span>.</p>
 </div>","2018-movies,drama,hd-movies,hindi-movies,latest-movies,720p,,aiyaary-2018-movie-free-download,aiyaary-2018-movie-free-download-720p-bluray,download-movies,free-movie-download,manoj-bajpayee,mohammed-zeeshan-ayyub,movies-counter,sidharth-malhotra,","aiyaary-2018-movie-free-download,aiyaary-2018-movie-free-download-720p-bluray,download-movies,free-movie-download,manoj-bajpayee,mohammed-zeeshan-ayyub,movies-counter,sidharth-malhotra,"
post,publish,All the Presidents Men 1976 Movie Free Download 720p BluRay,"<div class=""thecontent"">

<p><span style=""color: #1064a0;"">All the Presidents Men 1976 Movie Free Download 720p BluRay</span></p>
<h3 style=""text-align: center;""><span style=""color: #1064a0;""><img alt=""All the Presidents Men 1976 Movie Free Download 720p BluRay"" class=""alignleft wp-image-63277 size-medium"" height=""340"" sizes=""(max-width: 226px) 100vw, 226px"" src=""http://moviescounter.co/wp-content/uploads/2018/02/All-the-Presidents-Men-1976-Movie-Free-Download-720p-BluRay-1-226x340.jpg"" srcset=""http://moviescounter.co/wp-content/uploads/2018/02/All-the-Presidents-Men-1976-Movie-Free-Download-720p-BluRay-1-226x340.jpg 226w, http://moviescounter.co/wp-content/uploads/2018/02/All-the-Presidents-Men-1976-Movie-Free-Download-720p-BluRay-1.jpg 446w"" title=""All the Presidents Men 1976 Movie Free Download 720p BluRay"" width=""226""/>Movie Info</span></h3>
<p style=""text-align: left;""><strong>Full Name:</strong> All the Presidents Men 1976 Movie Free Download 720p BluRay<br/>
<strong>Size:</strong> 984 MB<br/>
<strong>Quality:</strong> 720p BluRay<br/>
<strong>Genres:</strong>   Biography, Drama, History<br/>
<strong>Release Date:</strong>  9 April 1976<strong><br/>
</strong><strong>Language:</strong> English<br/>
<strong>Cast:</strong>   Dustin Hoffman, Robert Redford, Jack Warden</p>
<p><span class=""imdbRatingPlugin imdbRatingStyle3"" data-style=""p3"" data-title=""tt0074119"" data-user=""ur65770829""><a href=""http://www.imdb.com/title/tt0074119/?ref_=plg_rt_1""><img alt=""All the President's Men (1976) on IMDb"" src=""http://g-ecx.images-amazon.com/images/G/01/imdb/plugins/rating/images/imdb_37x18.png""/><br/>
</a><span class=""rating"">8.0<span class=""ofTen"">/10</span></span><span class=""votes"">85,094 votes</span></span><script>(function(d,s,id){var js,stags=d.getElementsByTagName(s)[0];if(d.getElementById(id)){return;}js=d.createElement(s);js.id=id;js.src=""http://g-ec2.images-amazon.com/images/G/01/imdb/plugins/rating/js/rating.min.js"";stags.parentNode.insertBefore(js,stags);})(document,'script','imdb-rating-api');</script></p>
<p style=""text-align: justify;"">All the Presidents Men 1976 Movie Free Download 720p BluRay In the run-up to the 1972 decisions, Washington Post columnist Bob Woodward covers what is by all accounts a minor break-in at the Democratic Party National central station.</p>
<h3><span style=""color: #1064a0;""> Download Full Movie in HD (984 MB) ↓</span></h3>
<form action=""http://moviescounter.co/start-downloading/"" method=""post""><input name=""FName"" type=""hidden"" value=""MoviesCounter.All.the.Presidents.Men.1976.720p.mp4""/><br/>
<input name=""FSize"" type=""hidden"" value=""984 MB""/><br/>
<input name=""FSID"" type=""hidden"" value=""85.25.177.147""/><p></p>
<div align=""center""><input alt=""Download Movie"" height="""" src=""http://moviescounter.co/wp-content/uploads/2016/09/MC-download-button.png"" type=""image"" width=""225""/></div>
</form>
<p> </p>
<h2><span style=""color: #1064a0;"">Click Image To View Full Size</span></h2>
<div class=""clearfix""><a href=""http://moviescounter.co/wp-content/uploads/2018/02/All-the-Presidents-Men-1976-Movie-Free-Download-720p-BluRay-2.jpg""><img alt=""All the Presidents Men 1976 Movie Free Download 720p BluRay"" class=""alignleft wp-image-63278 size-thumbnail"" height=""140"" src=""http://moviescounter.co/wp-content/uploads/2018/02/All-the-Presidents-Men-1976-Movie-Free-Download-720p-BluRay-2-220x140.jpg"" title=""All the Presidents Men 1976 Movie Free Download 720p BluRay"" width=""220""/></a><a href=""http://moviescounter.co/wp-content/uploads/2018/02/All-the-Presidents-Men-1976-Movie-Free-Download-720p-BluRay-4.jpg""><img alt=""All the Presidents Men 1976 Movie Free Download 720p BluRay"" class=""alignleft wp-image-63280 size-thumbnail"" height=""140"" src=""http://moviescounter.co/wp-content/uploads/2018/02/All-the-Presidents-Men-1976-Movie-Free-Download-720p-BluRay-4-220x140.jpg"" title=""All the Presidents Men 1976 Movie Free Download 720p BluRay"" width=""220""/></a><a href=""http://moviescounter.co/wp-content/uploads/2018/02/All-the-Presidents-Men-1976-Movie-Free-Download-720p-BluRay-3.jpg""><img alt=""All the Presidents Men 1976 Movie Free Download 720p BluRay"" class=""alignleft wp-image-63279 size-thumbnail"" height=""140"" src=""http://moviescounter.co/wp-content/uploads/2018/02/All-the-Presidents-Men-1976-Movie-Free-Download-720p-BluRay-3-220x140.jpg"" title=""All the Presidents Men 1976 Movie Free Download 720p BluRay"" width=""220""/></a></div>
<p> </p>
<h2><span style=""color: #1064a0;"">Synopsis</span></h2>
<p style=""text-align: justify;"">All the Presidents Men 1976 Movie Free Download 720p BluRay He is shocked to discover top attorneys as of now on the guard case, and the revelation of names and addresses of Republican reserve coordinators on the charged further excites his doubts. The editorial manager of the Post is set up to keep running with the story and allocates Woodward and Carl Bernstein to it. They discover the trail driving ever more elevated in the Republican Party, and in the long run into the White House itself.</p>
<p style=""text-align: justify;"">This is a holding time piece. Half of the story is spent at the daily paper’s workplaces, eclipsed by the perpetual key-tapping of impassioned typewriters and the steady babble of youthful secretaries, which include an incredible feeling of direness and realness to an average 1970s Washington working environment, where Woodward and Bernstein, sitting up close and personal in an odd, askew line that turns into an unobtrusive image for a head-butting proficient relationship, figure out how to first endure each other (and each other’s self images) previously joining to disclose reality. The associations amongst Hoffman and Redford all through the motion picture are as delightful to look as they are vital to influencing William Goldman’s Academy To grant winning content achieve its peak.</p>
<p>All the Presidents Men 1976 Movie Free Download 720p BluRay HD 720,Free Movie Download All the Presidents Men, All the Presidents Men Film All the Presidents Men 1976 Movie Download Free from Movies Counter</p>
<h2>All the Presidents Men 1976 Movie Free Download 720p BluRay</h2>
<p><span style=""color: #1064a0;""> If you’re facing any problem please Comment below Thanks</span>.</p>
 </div>","biography-movies,drama,english-movies,hd-movies,history-movies,older-movies,720p,,all-the-presidents-men-1976-movie-free-download,all-the-presidents-men-1976-movie-free-download-720p-bluray,download-movies,dustin-hoffman,free-movie-download,jack-warden,movies-counter,robert-redford,","all-the-presidents-men-1976-movie-free-download,all-the-presidents-men-1976-movie-free-download-720p-bluray,download-movies,dustin-hoffman,free-movie-download,jack-warden,movies-counter,robert-redford,"
post,publish,In the Heat of the Night 1967 Movie Free Download 720p BluRay,"<div class=""thecontent"">

<p><span style=""color: #1064a0;"">In the Heat of the Night 1967 Movie Free Download 720p BluRay</span></p>
<h3 style=""text-align: center;""><span style=""color: #1064a0;""><img alt=""In the Heat of the Night 1967 Movie Free Download 720p BluRay"" class=""alignleft wp-image-63273 size-medium"" height=""340"" sizes=""(max-width: 226px) 100vw, 226px"" src=""http://moviescounter.co/wp-content/uploads/2018/02/In-the-Heat-of-the-Night-1967-Movie-Free-Download-720p-BluRay-1-226x340.jpg"" srcset=""http://moviescounter.co/wp-content/uploads/2018/02/In-the-Heat-of-the-Night-1967-Movie-Free-Download-720p-BluRay-1-226x340.jpg 226w, http://moviescounter.co/wp-content/uploads/2018/02/In-the-Heat-of-the-Night-1967-Movie-Free-Download-720p-BluRay-1.jpg 666w"" title=""In the Heat of the Night 1967 Movie Free Download 720p BluRay"" width=""226""/>Movie Info</span></h3>
<p style=""text-align: left;""><strong>Full Name:</strong> In the Heat of the Night 1967 Movie Free Download 720p BluRay<br/>
<strong>Size:</strong> 802 MB<br/>
<strong>Quality:</strong> 720p BluRay<br/>
<strong>Genres:</strong>  Crime, Drama, Mystery<br/>
<strong>Release Date:</strong>  25 October 1967<strong><br/>
</strong><strong>Language:</strong> English<br/>
<strong>Cast:</strong>  Sidney Poitier, Rod Steiger, Warren Oates</p>
<p><span class=""imdbRatingPlugin imdbRatingStyle3"" data-style=""p3"" data-title=""tt0061811"" data-user=""ur65770829""><a href=""http://www.imdb.com/title/tt0061811/?ref_=plg_rt_1""><img alt=""In the Heat of the Night (1967) on IMDb"" src=""http://g-ecx.images-amazon.com/images/G/01/imdb/plugins/rating/images/imdb_37x18.png""/><br/>
</a><span class=""rating"">8.0<span class=""ofTen"">/10</span></span><span class=""votes"">56,418 votes</span></span><script>(function(d,s,id){var js,stags=d.getElementsByTagName(s)[0];if(d.getElementById(id)){return;}js=d.createElement(s);js.id=id;js.src=""http://g-ec2.images-amazon.com/images/G/01/imdb/plugins/rating/js/rating.min.js"";stags.parentNode.insertBefore(js,stags);})(document,'script','imdb-rating-api');</script></p>
<p style=""text-align: justify;"">In the Heat of the Night 1967 Movie Free Download 720p BluRay An African American police analyst is requested to examine a murder in a racially unfriendly southern town.</p>
<h3><span style=""color: #1064a0;""> Download Full Movie in HD (802 MB) ↓</span></h3>
<form action=""http://moviescounter.co/start-downloading/"" method=""post""><input name=""FName"" type=""hidden"" value=""MoviesCounter.In.the.Heat.of.the.Night.1967.720p.mp4""/><br/>
<input name=""FSize"" type=""hidden"" value=""802 MB""/><br/>
<input name=""FSID"" type=""hidden"" value=""85.25.177.147""/><p></p>
<div align=""center""><input alt=""Download Movie"" height="""" src=""http://moviescounter.co/wp-content/uploads/2016/09/MC-download-button.png"" type=""image"" width=""225""/></div>
</form>
<p> </p>
<h2><span style=""color: #1064a0;"">Click Image To View Full Size</span></h2>
<div class=""clearfix""><a href=""http://moviescounter.co/wp-content/uploads/2018/02/In-the-Heat-of-the-Night-1967-Movie-Free-Download-720p-BluRay-2.jpg""><img alt=""In the Heat of the Night 1967 Movie Free Download 720p BluRay"" class=""alignleft wp-image-63274 size-thumbnail"" height=""140"" src=""http://moviescounter.co/wp-content/uploads/2018/02/In-the-Heat-of-the-Night-1967-Movie-Free-Download-720p-BluRay-2-220x140.jpg"" title=""In the Heat of the Night 1967 Movie Free Download 720p BluRay"" width=""220""/></a><a href=""http://moviescounter.co/wp-content/uploads/2018/02/In-the-Heat-of-the-Night-1967-Movie-Free-Download-720p-BluRay-3.jpg""><img alt=""In the Heat of the Night 1967 Movie Free Download 720p BluRay"" class=""alignleft wp-image-63275 size-thumbnail"" height=""140"" src=""http://moviescounter.co/wp-content/uploads/2018/02/In-the-Heat-of-the-Night-1967-Movie-Free-Download-720p-BluRay-3-220x140.jpg"" title=""In the Heat of the Night 1967 Movie Free Download 720p BluRay"" width=""220""/></a><a href=""http://moviescounter.co/wp-content/uploads/2018/02/In-the-Heat-of-the-Night-1967-Movie-Free-Download-720p-BluRay-4.jpg""><img alt=""In the Heat of the Night 1967 Movie Free Download 720p BluRay"" class=""alignleft wp-image-63276 size-thumbnail"" height=""140"" src=""http://moviescounter.co/wp-content/uploads/2018/02/In-the-Heat-of-the-Night-1967-Movie-Free-Download-720p-BluRay-4-220x140.jpg"" title=""In the Heat of the Night 1967 Movie Free Download 720p BluRay"" width=""220""/></a></div>
<p> </p>
<h2><span style=""color: #1064a0;"">Synopsis</span></h2>
<p style=""text-align: justify;"">In the Heat of the Night 1967 Movie Free Download 720p BluRay Detective Virgil Tibbs is made up for lost time in the racial strain of the US South when he is captured after the murder of an unmistakable businessperson. Tibbs was just sitting tight for his next prepare at the station in Sparta, Mississippi and the perplexity is soon settled yet when nearby police boss Gillespie discovers that Tibbs is the Philadelphia PD’s main murder master, he reluctantly requests his help. The killed man, Mr. Colbert, had come to Sparta from the North to manufacture another production line and his significant other and business relates promptly blame Endicott, the most capable man in the district and the person who had the most to lose if a noteworthy new manager goes to the region.</p>
<p style=""text-align: justify;"">Tibbs’ life is unmistakably in peril yet he continues on in a very charged and racially hazardous condition until the point when the executioner is found.One of the considerable movies of the 60s, “In the Heat of the Night” hasn’t matured a bit in the four decades since its discharge and now should be positioned with the colossal movies ever. Flawlessly air, Haskell Wexler’s splendid cinematography and Norman Jewison’s top notch course influence you to feel the mugginess of the little Mississippi town in which a dark criminologist groups with the redneck sheriff to settle the murder of an imperative industrialist.</p>
<p>In the Heat of the Night 1967 Movie Free Download 720p BluRay HD 720,Free Movie Download In the Heat of the Night, In the Heat of the Night Film In the Heat of the Night 1967 Movie Download Free from Movies Counte</p>
<h2>In the Heat of the Night 1967 Movie Free Download 720p BluRay</h2>
<p><span style=""color: #1064a0;""> If you’re facing any problem please Comment below Thanks</span>.</p>
 </div>","crime-movies,drama,english-movies,hd-movies,mystery,older-movies,720p,,download-movies,free-movie-download,in-the-heat-of-the-night-1967-movie-free-download,in-the-heat-of-the-night-1967-movie-free-download-720p-bluray,movies-counter,rod-steiger,sidney-poitier,warren-oates,","download-movies,free-movie-download,in-the-heat-of-the-night-1967-movie-free-download,in-the-heat-of-the-night-1967-movie-free-download-720p-bluray,movies-counter,rod-steiger,sidney-poitier,warren-oates,"
post,publish,Butch Cassidy and the Sundance Kid 1969 Movie Free Download 720p BluRay,"<div class=""thecontent"">

<p><span style=""color: #1064a0;"">Butch Cassidy and the Sundance Kid 1969 Movie Free Download 720p BluRay</span></p>
<h3 style=""text-align: center;""><span style=""color: #1064a0;""><img alt=""Butch Cassidy and the Sundance Kid 1969 Movie Free Download 720p BluRay"" class=""alignleft wp-image-63272 size-medium"" height=""340"" sizes=""(max-width: 230px) 100vw, 230px"" src=""http://moviescounter.co/wp-content/uploads/2018/02/Butch-Cassidy-and-the-Sundance-Kid-1969-Movie-Free-Download-720p-BluRay-4-230x340.jpg"" srcset=""http://moviescounter.co/wp-content/uploads/2018/02/Butch-Cassidy-and-the-Sundance-Kid-1969-Movie-Free-Download-720p-BluRay-4-230x340.jpg 230w, http://moviescounter.co/wp-content/uploads/2018/02/Butch-Cassidy-and-the-Sundance-Kid-1969-Movie-Free-Download-720p-BluRay-4.jpg 432w"" title=""Butch Cassidy and the Sundance Kid 1969 Movie Free Download 720p BluRay"" width=""230""/>Movie Info</span></h3>
<p style=""text-align: left;""><strong>Full Name:</strong> Butch Cassidy and the Sundance Kid 1969 Movie Free Download 720p BluRay<br/>
<strong>Size:</strong> 945 MB<br/>
<strong>Quality:</strong> 720p BluRay<br/>
<strong>Genres:</strong>   Biography, Crime, Drama<br/>
<strong>Release Date:</strong>  24 October 1969<strong><br/>
</strong><strong>Language:</strong> English<br/>
<strong>Cast:</strong>   Paul Newman, Robert Redford, Katharine Ross</p>
<p><span class=""imdbRatingPlugin imdbRatingStyle3"" data-style=""p3"" data-title=""tt0064115"" data-user=""ur65770829""><a href=""http://www.imdb.com/title/tt0064115/?ref_=plg_rt_1""><img alt=""Butch Cassidy and the Sundance Kid (1969) on IMDb"" src=""http://g-ecx.images-amazon.com/images/G/01/imdb/plugins/rating/images/imdb_37x18.png""/><br/>
</a><span class=""rating"">8.1<span class=""ofTen"">/10</span></span><span class=""votes"">175,320 votes</span></span><script>(function(d,s,id){var js,stags=d.getElementsByTagName(s)[0];if(d.getElementById(id)){return;}js=d.createElement(s);js.id=id;js.src=""http://g-ec2.images-amazon.com/images/G/01/imdb/plugins/rating/js/rating.min.js"";stags.parentNode.insertBefore(js,stags);})(document,'script','imdb-rating-api');</script></p>
<p style=""text-align: justify;"">Butch Cassidy and the Sundance Kid 1969 Movie Free Download 720p BluRay Two Western bank and prepare thieves escape to Bolivia when the law gets excessively close.</p>
<h3><span style=""color: #1064a0;""> Download Full Movie in HD (945 MB) ↓</span></h3>
<form action=""http://moviescounter.co/start-downloading/"" method=""post""><input name=""FName"" type=""hidden"" value=""MoviesCounter.Butch.Cassidy.and.the.Sundance.Kid.1969.720p.mp4""/><br/>
<input name=""FSize"" type=""hidden"" value=""945 MB""/><br/>
<input name=""FSID"" type=""hidden"" value=""85.25.177.147""/><p></p>
<div align=""center""><input alt=""Download Movie"" height="""" src=""http://moviescounter.co/wp-content/uploads/2016/09/MC-download-button.png"" type=""image"" width=""225""/></div>
</form>
<p> </p>
<h2><span style=""color: #1064a0;"">Click Image To View Full Size</span></h2>
<div class=""clearfix""><a href=""http://moviescounter.co/wp-content/uploads/2018/02/Butch-Cassidy-and-the-Sundance-Kid-1969-Movie-Free-Download-720p-BluRay-1.jpg""><img alt=""Butch Cassidy and the Sundance Kid 1969 Movie Free Download 720p BluRay"" class=""alignleft wp-image-63269 size-thumbnail"" height=""140"" src=""http://moviescounter.co/wp-content/uploads/2018/02/Butch-Cassidy-and-the-Sundance-Kid-1969-Movie-Free-Download-720p-BluRay-1-220x140.jpg"" title=""Butch Cassidy and the Sundance Kid 1969 Movie Free Download 720p BluRay"" width=""220""/></a><a href=""http://moviescounter.co/wp-content/uploads/2018/02/Butch-Cassidy-and-the-Sundance-Kid-1969-Movie-Free-Download-720p-BluRay-3.jpg""><img alt=""Butch Cassidy and the Sundance Kid 1969 Movie Free Download 720p BluRay"" class=""alignleft wp-image-63271 size-thumbnail"" height=""140"" src=""http://moviescounter.co/wp-content/uploads/2018/02/Butch-Cassidy-and-the-Sundance-Kid-1969-Movie-Free-Download-720p-BluRay-3-220x140.jpg"" title=""Butch Cassidy and the Sundance Kid 1969 Movie Free Download 720p BluRay"" width=""220""/></a><a href=""http://moviescounter.co/wp-content/uploads/2018/02/Butch-Cassidy-and-the-Sundance-Kid-1969-Movie-Free-Download-720p-BluRay-2.jpg""><img alt=""Butch Cassidy and the Sundance Kid 1969 Movie Free Download 720p BluRay"" class=""alignleft wp-image-63270 size-thumbnail"" height=""140"" src=""http://moviescounter.co/wp-content/uploads/2018/02/Butch-Cassidy-and-the-Sundance-Kid-1969-Movie-Free-Download-720p-BluRay-2-220x140.jpg"" title=""Butch Cassidy and the Sundance Kid 1969 Movie Free Download 720p BluRay"" width=""220""/></a></div>
<p> </p>
<h2><span style=""color: #1064a0;"">Synopsis</span></h2>
<p style=""text-align: justify;"">Butch Cassidy and the Sundance Kid 1969 Movie Free Download 720p BluRay Butch and Sundance are the two pioneers of the Hole-in-the-Wall Gang. Butch is all thoughts, Sundance is all activity and aptitude. The west is getting to be acculturated, and when Butch and Sundance loot a prepare once time after time, an extraordinary group starts trailing them regardless of where they run. Over rocks, through towns, crosswise over waterways, the gathering is constantly simply behind them. When they at last escape through sheer good fortune, Butch has another thought, “How about we go to Bolivia”. In light of the endeavors of the chronicled characters.Butch Cassidy and the Sundance Kid” is one of the best motion pictures at any point made.</p>
<p style=""text-align: justify;"">It is my most loved film ever, and the main motivation for that is a direct result of its content by William Goldman. It’s exceptionally uncommon in film that a content has culminate lines in it from start to finish, yet this film is a case of what can be accomplished by Hollywood screenwriters. It was William Goldman’s content of this film started my energy for the American silver screen. In spite of the fact that most Westerns of the silver screen past have genuine and dirty tones to them, this film has quite recently the correct blend of satire, mind, and experience. The best group in Hollywood history, ostensibly, is the group of Paul Newman and Robert Redford.</p>
<p>Butch Cassidy and the Sundance Kid 1969 Movie Free Download 720p BluRay HD 720,Free Movie Download Butch Cassidy and the Sundance Kid, Butch Cassidy and the Sundance Kid Film Butch Cassidy and the Sundance Kid 1969 Movie Download Free from Movies Counter</p>
<h2>Butch Cassidy and the Sundance Kid 1969 Movie Free Download 720p BluRay</h2>
<p><span style=""color: #1064a0;""> If you’re facing any problem please Comment below Thanks</span>.</p>
 </div>","biography-movies,crime-movies,drama,english-movies,hd-movies,older-movies,720p,,butch-cassidy-and-the-sundance-kid-1969-movie-free-download,butch-cassidy-and-the-sundance-kid-1969-movie-free-download-720p-bluray,download-movies,free-movie-download,katharine-ross,movies-counter,paul-newman,robert-redford,","butch-cassidy-and-the-sundance-kid-1969-movie-free-download,butch-cassidy-and-the-sundance-kid-1969-movie-free-download-720p-bluray,download-movies,free-movie-download,katharine-ross,movies-counter,paul-newman,robert-redford,"
post,publish,Tootsie 1982 Movie Free Download 720p BluRay,"<div class=""thecontent"">

<p><span style=""color: #1064a0;"">Tootsie 1982 Movie Free Download 720p BluRay</span></p>
<h3 style=""text-align: center;""><span style=""color: #1064a0;""><img alt=""Tootsie 1982 Movie Free Download 720p BluRay"" class=""alignleft wp-image-63267 size-medium"" height=""338"" sizes=""(max-width: 240px) 100vw, 240px"" src=""http://moviescounter.co/wp-content/uploads/2018/02/Tootsie-1982-Movie-Free-Download-720p-BluRay-4-240x338.jpg"" srcset=""http://moviescounter.co/wp-content/uploads/2018/02/Tootsie-1982-Movie-Free-Download-720p-BluRay-4-240x338.jpg 240w, http://moviescounter.co/wp-content/uploads/2018/02/Tootsie-1982-Movie-Free-Download-720p-BluRay-4.jpg 348w"" title=""Tootsie 1982 Movie Free Download 720p BluRay"" width=""240""/>Movie Info</span></h3>
<p style=""text-align: left;""><strong>Full Name:</strong> Tootsie 1982 Movie Free Download 720p BluRay<br/>
<strong>Size:</strong> 900 MB<br/>
<strong>Quality:</strong> 720p BluRay<br/>
<strong>Genres:</strong>   Comedy, Drama, Romance<br/>
<strong>Release Date:</strong>  17 December 1982<strong><br/>
</strong><strong>Language:</strong> English<br/>
<strong>Cast:</strong>   Dustin Hoffman, Jessica Lange, Teri Garr</p>
<p><span class=""imdbRatingPlugin imdbRatingStyle3"" data-style=""p3"" data-title=""tt0084805"" data-user=""ur65770829""><a href=""http://www.imdb.com/title/tt0084805/?ref_=plg_rt_1""><img alt=""Tootsie (1982) on IMDb"" src=""http://g-ecx.images-amazon.com/images/G/01/imdb/plugins/rating/images/imdb_37x18.png""/><br/>
</a><span class=""rating"">7.4<span class=""ofTen"">/10</span></span><span class=""votes"">85,034 votes</span></span><script>(function(d,s,id){var js,stags=d.getElementsByTagName(s)[0];if(d.getElementById(id)){return;}js=d.createElement(s);js.id=id;js.src=""http://g-ec2.images-amazon.com/images/G/01/imdb/plugins/rating/js/rating.min.js"";stags.parentNode.insertBefore(js,stags);})(document,'script','imdb-rating-api');</script></p>
<p style=""text-align: justify;"">Tootsie 1982 Movie Free Download 720p BluRay Michael Dorsey, an unsuccessful performer, camouflages himself as a lady keeping in mind the end goal to get a part on a trashy clinic soap.Michael Dorsey is a jobless on-screen character with an outlandish notoriety.</p>
<h3><span style=""color: #1064a0;""> Download Full Movie in HD (900 MB) ↓</span></h3>
<form action=""http://moviescounter.co/start-downloading/"" method=""post""><input name=""FName"" type=""hidden"" value=""MoviesCounter.Tootsie.1982.720p.mp4""/><br/>
<input name=""FSize"" type=""hidden"" value=""900 MB""/><br/>
<input name=""FSID"" type=""hidden"" value=""85.25.177.147""/><p></p>
<div align=""center""><input alt=""Download Movie"" height="""" src=""http://moviescounter.co/wp-content/uploads/2016/09/MC-download-button.png"" type=""image"" width=""225""/></div>
</form>
<p> </p>
<h2><span style=""color: #1064a0;"">Click Image To View Full Size</span></h2>
<div class=""clearfix""><a href=""http://moviescounter.co/wp-content/uploads/2018/02/Tootsie-1982-Movie-Free-Download-720p-BluRay-3.jpg""><img alt=""Tootsie 1982 Movie Free Download 720p BluRay"" class=""alignleft wp-image-63266 size-thumbnail"" height=""140"" src=""http://moviescounter.co/wp-content/uploads/2018/02/Tootsie-1982-Movie-Free-Download-720p-BluRay-3-220x140.jpg"" title=""Tootsie 1982 Movie Free Download 720p BluRay"" width=""220""/></a><a href=""http://moviescounter.co/wp-content/uploads/2018/02/Tootsie-1982-Movie-Free-Download-720p-BluRay-2.jpg""><img alt=""Tootsie 1982 Movie Free Download 720p BluRay"" class=""alignleft wp-image-63265 size-thumbnail"" height=""140"" src=""http://moviescounter.co/wp-content/uploads/2018/02/Tootsie-1982-Movie-Free-Download-720p-BluRay-2-220x140.jpg"" title=""Tootsie 1982 Movie Free Download 720p BluRay"" width=""220""/></a><a href=""http://moviescounter.co/wp-content/uploads/2018/02/Tootsie-1982-Movie-Free-Download-720p-BluRay-1.jpg""><img alt=""Tootsie 1982 Movie Free Download 720p BluRay"" class=""alignleft wp-image-63264 size-thumbnail"" height=""140"" src=""http://moviescounter.co/wp-content/uploads/2018/02/Tootsie-1982-Movie-Free-Download-720p-BluRay-1-220x140.jpg"" title=""Tootsie 1982 Movie Free Download 720p BluRay"" width=""220""/></a></div>
<p> </p>
<h2><span style=""color: #1064a0;"">Synopsis</span></h2>
<p style=""text-align: justify;"">Tootsie 1982 Movie Free Download 720p BluRay  Keeping in mind the end goal to look for some kind of employment and reserve his companion’s play he dresses as a lady, Dorothy Michaels, and grounds the part in a daytime dramatization. Dorsey loses himself in this lady part and basically moves toward becoming Dorothy Michaels, charming ladies all around the city and motivating them to break free from the control of men and turn out to be more similar to Dorsey’s underlying personality.</p>
<p style=""text-align: justify;"">This recently discovered part, nonetheless, lands Dorsey in a problem area between a female companion/’darling,’ a female co-star he begins to look all starry eyed at, that co-star’s dad who goes gaga for him, and a male co-star who longs for his affection.Dustin Hoffman plays Michael Dorsey. He appears to know everything about acting aside from how to remain utilized as an on-screen character. In an early montage we see him trying out for various plays where he is either excessively old, excessively youthful, too short, basically not the correct person for the part, or sometimes difficult to work with. We additionally observe him attempting to show his specialty to some youthful wannabe performing artists, and working at an eatery to pay the bills.</p>
<p>Tootsie 1982 Movie Free Download 720p BluRay HD 720,Free Movie Download Tootsie, Tootsie Film Tootsie 1982 Movie Download Free from Movies Counter</p>
<h2>Tootsie 1982 Movie Free Download 720p BluRay</h2>
<p><span style=""color: #1064a0;""> If you’re facing any problem please Comment below Thanks</span>.</p>
 </div>","comedy-movies,drama,english-movies,hd-movies,older-movies,romantic-movies,720p,,download-movies,dustin-hoffman,free-movie-download,jessica-lange,movies-counter,teri-garr,tootsie-1982-movie-free-download,tootsie-1982-movie-free-download-720p-bluray,","download-movies,dustin-hoffman,free-movie-download,jessica-lange,movies-counter,teri-garr,tootsie-1982-movie-free-download,tootsie-1982-movie-free-download-720p-bluray,"
post,publish,Carnage 2011 Movie Free Download 720p BluRay,"<div class=""thecontent"">

<p><span style=""color: #1064a0;"">Carnage 2011 Movie Free Download 720p BluRay</span></p>
<h3 style=""text-align: center;""><span style=""color: #1064a0;""><img alt=""Carnage 2011 Movie Free Download 720p BluRay"" class=""alignleft wp-image-63262 size-medium"" height=""340"" sizes=""(max-width: 229px) 100vw, 229px"" src=""http://moviescounter.co/wp-content/uploads/2018/02/Carnage-2011-Movie-Free-Download-720p-BluRay-4-229x340.jpg"" srcset=""http://moviescounter.co/wp-content/uploads/2018/02/Carnage-2011-Movie-Free-Download-720p-BluRay-4-229x340.jpg 229w, http://moviescounter.co/wp-content/uploads/2018/02/Carnage-2011-Movie-Free-Download-720p-BluRay-4.jpg 337w"" title=""Carnage 2011 Movie Free Download 720p BluRay"" width=""229""/>Movie Info</span></h3>
<p style=""text-align: left;""><strong>Full Name:</strong> Carnage 2011 Movie Free Download 720p BluRay<br/>
<strong>Size:</strong> 551 MB<br/>
<strong>Quality:</strong> 720p BluRay<br/>
<strong>Genres:</strong>   Comedy, Drama<br/>
<strong>Release Date:</strong>  18 November 2011<strong><br/>
</strong><strong>Language:</strong> English<br/>
<strong>Cast:</strong>   Jodie Foster, Kate Winslet, Christoph Waltz</p>
<p><span class=""imdbRatingPlugin imdbRatingStyle3"" data-style=""p3"" data-title=""tt1692486"" data-user=""ur65770829""><a href=""http://www.imdb.com/title/tt1692486/?ref_=plg_rt_1""><img alt=""Carnage (2011) on IMDb"" src=""http://g-ecx.images-amazon.com/images/G/01/imdb/plugins/rating/images/imdb_37x18.png""/><br/>
</a><span class=""rating"">7.2<span class=""ofTen"">/10</span></span><span class=""votes"">106,306 votes</span></span><script>(function(d,s,id){var js,stags=d.getElementsByTagName(s)[0];if(d.getElementById(id)){return;}js=d.createElement(s);js.id=id;js.src=""http://g-ec2.images-amazon.com/images/G/01/imdb/plugins/rating/js/rating.min.js"";stags.parentNode.insertBefore(js,stags);})(document,'script','imdb-rating-api');</script></p>
<p style=""text-align: justify;"">Carnage 2011 Movie Free Download 720p BluRay Two sets of guardians hold a welcoming gathering after their children are engaged with a battle, however as their chance together advances, progressively puerile conduct tosses the dialog into chaos.</p>
<h3><span style=""color: #1064a0;""> Download Full Movie in HD (551 MB) ↓</span></h3>
<form action=""http://moviescounter.co/start-downloading/"" method=""post""><input name=""FName"" type=""hidden"" value=""MoviesCounter.Carnage.2011.720p.mp4""/><br/>
<input name=""FSize"" type=""hidden"" value=""551 MB""/><br/>
<input name=""FSID"" type=""hidden"" value=""85.25.177.147""/><p></p>
<div align=""center""><input alt=""Download Movie"" height="""" src=""http://moviescounter.co/wp-content/uploads/2016/09/MC-download-button.png"" type=""image"" width=""225""/></div>
</form>
<p> </p>
<h2><span style=""color: #1064a0;"">Click Image To View Full Size</span></h2>
<div class=""clearfix""><a href=""http://moviescounter.co/wp-content/uploads/2018/02/Carnage-2011-Movie-Free-Download-720p-BluRay-1.jpg""><img alt=""Carnage 2011 Movie Free Download 720p BluRay"" class=""alignleft wp-image-63259 size-thumbnail"" height=""140"" sizes=""(max-width: 220px) 100vw, 220px"" src=""http://moviescounter.co/wp-content/uploads/2018/02/Carnage-2011-Movie-Free-Download-720p-BluRay-1-220x140.jpg"" srcset=""http://moviescounter.co/wp-content/uploads/2018/02/Carnage-2011-Movie-Free-Download-720p-BluRay-1-220x140.jpg 220w, http://moviescounter.co/wp-content/uploads/2018/02/Carnage-2011-Movie-Free-Download-720p-BluRay-1-240x154.jpg 240w, http://moviescounter.co/wp-content/uploads/2018/02/Carnage-2011-Movie-Free-Download-720p-BluRay-1-1024x657.jpg 1024w, http://moviescounter.co/wp-content/uploads/2018/02/Carnage-2011-Movie-Free-Download-720p-BluRay-1.jpg 1557w"" title=""Carnage 2011 Movie Free Download 720p BluRay"" width=""220""/></a><a href=""http://moviescounter.co/wp-content/uploads/2018/02/Carnage-2011-Movie-Free-Download-720p-BluRay-3.jpg""><img alt=""Carnage 2011 Movie Free Download 720p BluRay"" class=""alignleft wp-image-63261 size-thumbnail"" height=""140"" src=""http://moviescounter.co/wp-content/uploads/2018/02/Carnage-2011-Movie-Free-Download-720p-BluRay-3-220x140.jpg"" title=""Carnage 2011 Movie Free Download 720p BluRay"" width=""220""/></a><a href=""http://moviescounter.co/wp-content/uploads/2018/02/Carnage-2011-Movie-Free-Download-720p-BluRay-2.jpg""><img alt=""Carnage 2011 Movie Free Download 720p BluRay"" class=""alignleft wp-image-63260 size-thumbnail"" height=""140"" src=""http://moviescounter.co/wp-content/uploads/2018/02/Carnage-2011-Movie-Free-Download-720p-BluRay-2-220x140.jpg"" title=""Carnage 2011 Movie Free Download 720p BluRay"" width=""220""/></a></div>
<p> </p>
<h2><span style=""color: #1064a0;"">Synopsis</span></h2>
<p style=""text-align: justify;"">Carnage 2011 Movie Free Download 720p BluRay In Brooklyn Bridge Park, eleven year old Zachary Cowan strikes his eleven year old cohort Ethan Longstreet over the face with a stick after a contention. Among the more genuine of Ethan’s wounds is a for all time missing tooth and the likelihood of a moment tooth additionally being lost. Their particular guardians learn of the quarrel through Ethan’s folks addressing him about his wounds. The Longstreet guardians welcome the Cowan guardians to their Brooklyn loft to manage the episode in a cultivated way. They are: Penelope Longstreet, whose thought it was to welcome the Cowans, she whose needs in life incorporate human rights and equity.</p>
<p style=""text-align: justify;"">This is effortlessly the most entertaining film I have found in a VERY lengthy time-frame. I can’t recall the last time I chuckled such a great amount in a film. The science between the four characters is marvelous. I can state I have never observed four unique on-screen characters interface in such an eminently getting a charge out of and fulfilling way. The exchange, acting and adaption of character is really heavenly. Every one of the 4 on-screen characters give a powerhouse execution. I genuinely couldn’t have proposed a superior cast for such a movie.Each on-screen character in this motion picture effectively merits an Oscar assignment, no uncertainty about it.</p>
<p>Carnage 2011 Movie Free Download 720p BluRay HD 720,Free Movie Download Carnage, Carnage Film Carnage 2011 Movie Download Free from Movies Counter</p>
<h2>Carnage 2011 Movie Free Download 720p BluRay</h2>
<p><span style=""color: #1064a0;""> If you’re facing any problem please Comment below Thanks</span>.</p>
 </div>","2011-movies,comedy-movies,drama,english-movies,hd-movies,720p,,carnage-2011-movie-free-download,carnage-2011-movie-free-download-720p-bluray,christoph-waltz,download-movies,free-movie-download,jodie-foster,kate-winslet,movies-counter,","carnage-2011-movie-free-download,carnage-2011-movie-free-download-720p-bluray,christoph-waltz,download-movies,free-movie-download,jodie-foster,kate-winslet,movies-counter,"
